               epoch,      train/box_loss,      train/obj_loss,      train/cls_loss,   metrics/precision,      metrics/recall,     metrics/mAP_0.5,metrics/mAP_0.5:0.95,        val/box_loss,        val/obj_loss,        val/cls_loss,               x/lr0,               x/lr1,               x/lr2
                   0,             0.12643,            0.037673,            0.039645,          0.00038108,            0.016677,          0.00019833,           4.827e-05,             0.12006,            0.046156,            0.039725,              0.0775,              0.0025,              0.0025
                   1,             0.10585,            0.046027,             0.03753,           0.0086852,              0.4901,            0.023554,           0.0052169,            0.098636,            0.048019,             0.03777,            0.054075,           0.0050748,           0.0050748
                   2,             0.09663,            0.040821,            0.037762,            0.038064,             0.35626,            0.032684,           0.0065604,            0.092521,            0.043764,            0.038292,            0.030624,           0.0076238,           0.0076238
                   3,            0.093772,            0.035726,            0.037061,            0.024453,             0.52012,            0.025477,           0.0072154,            0.093889,            0.039312,            0.036703,           0.0098515,           0.0098515,           0.0098515
                   4,            0.086061,            0.038956,             0.03668,            0.076658,             0.31144,            0.057956,            0.013434,            0.084443,            0.042799,            0.036443,           0.0098515,           0.0098515,           0.0098515
                   5,            0.077919,            0.040633,            0.036453,            0.093781,              0.3079,            0.092056,             0.04218,            0.074705,            0.044245,            0.036461,            0.009802,            0.009802,            0.009802
                   6,            0.068685,            0.041836,            0.035318,             0.15575,             0.37336,              0.1468,            0.058517,            0.068813,            0.043406,            0.036278,           0.0097525,           0.0097525,           0.0097525
                   7,            0.064888,            0.041744,            0.035615,             0.14497,             0.46989,             0.15976,             0.05961,            0.059533,            0.043386,            0.036136,            0.009703,            0.009703,            0.009703
                   8,             0.06235,            0.039236,            0.035531,            0.099426,             0.40338,             0.10729,            0.040647,            0.067229,            0.043771,            0.036095,           0.0096535,           0.0096535,           0.0096535
                   9,            0.059164,            0.040351,            0.035115,            0.065983,             0.50261,            0.074235,            0.020565,            0.059738,            0.046793,            0.036113,            0.009604,            0.009604,            0.009604
                  10,            0.055404,            0.039274,            0.036026,             0.10717,             0.64207,             0.14838,            0.057576,            0.062366,            0.040123,            0.036003,           0.0095545,           0.0095545,           0.0095545
                  11,            0.055258,            0.038362,            0.035518,             0.14128,              0.5616,             0.17696,            0.093269,            0.048973,            0.042666,            0.036008,            0.009505,            0.009505,            0.009505
                  12,            0.053385,            0.038781,            0.035613,             0.09697,             0.66854,             0.12094,            0.054099,            0.047836,            0.041953,            0.035866,           0.0094555,           0.0094555,           0.0094555
                  13,            0.046311,            0.040727,            0.035466,             0.14931,             0.55347,             0.19432,            0.084202,            0.054482,            0.042547,            0.035797,            0.009406,            0.009406,            0.009406
                  14,            0.049668,            0.035482,            0.035431,             0.15341,             0.71816,             0.22623,             0.13094,            0.040933,            0.042314,            0.035774,           0.0093565,           0.0093565,           0.0093565
                  15,            0.046805,            0.036415,            0.035844,             0.16656,             0.85804,             0.26512,             0.14229,            0.042165,            0.041321,             0.03577,            0.009307,            0.009307,            0.009307
                  16,            0.045012,            0.039227,            0.035394,              0.1258,             0.56515,             0.18219,             0.10189,            0.042612,            0.039896,            0.035783,           0.0092575,           0.0092575,           0.0092575
                  17,            0.044348,            0.037429,            0.035867,             0.16558,             0.84053,             0.26303,             0.14479,             0.04128,            0.042974,            0.035861,            0.009208,            0.009208,            0.009208
                  18,            0.041564,            0.037808,            0.034531,             0.14466,             0.82903,             0.23874,              0.1393,            0.041738,            0.041414,            0.035829,           0.0091585,           0.0091585,           0.0091585
                  19,            0.041518,            0.038157,            0.035716,             0.16334,             0.92391,             0.24627,             0.15723,            0.034112,            0.041108,            0.035793,            0.009109,            0.009109,            0.009109
                  20,            0.038845,            0.037481,            0.035397,             0.16488,             0.83281,             0.24823,             0.16068,            0.035691,            0.041498,            0.035733,           0.0090595,           0.0090595,           0.0090595
                  21,            0.042103,            0.038429,            0.035712,             0.19404,             0.63144,             0.29792,             0.17539,            0.037619,            0.040495,            0.035687,             0.00901,             0.00901,             0.00901
                  22,            0.039931,            0.036629,            0.035249,             0.18159,             0.51425,              0.2662,             0.15624,            0.041418,            0.040298,            0.035646,           0.0089605,           0.0089605,           0.0089605
                  23,            0.035831,            0.040241,            0.035872,             0.17361,             0.72504,             0.27693,             0.17981,             0.03204,            0.040531,            0.035582,            0.008911,            0.008911,            0.008911
                  24,            0.037494,            0.037425,            0.035477,             0.19908,             0.63612,              0.2854,             0.19615,            0.032031,            0.040122,            0.035541,           0.0088615,           0.0088615,           0.0088615
                  25,            0.034356,            0.037779,            0.034354,             0.22113,             0.69564,             0.31533,             0.18233,            0.039089,            0.040437,            0.035518,            0.008812,            0.008812,            0.008812
                  26,            0.036876,            0.036716,            0.035255,             0.25595,              0.5566,             0.34608,             0.21526,            0.036521,            0.038538,             0.03549,           0.0087625,           0.0087625,           0.0087625
                  27,            0.038459,            0.035743,            0.035599,             0.27647,             0.66479,             0.35147,             0.23905,            0.029173,            0.038653,            0.035435,            0.008713,            0.008713,            0.008713
                  28,            0.035616,            0.036372,            0.035537,             0.24352,              0.6699,             0.33139,             0.18957,            0.034566,            0.036371,            0.035362,           0.0086635,           0.0086635,           0.0086635
                  29,            0.035739,            0.034039,            0.034976,             0.28448,             0.62439,             0.35843,             0.21398,            0.038375,            0.035276,            0.035335,            0.008614,            0.008614,            0.008614
                  30,            0.036585,            0.034759,            0.035146,             0.27731,             0.73754,             0.38254,             0.26955,            0.031152,            0.039132,             0.03533,           0.0085645,           0.0085645,           0.0085645
                  31,            0.033793,            0.035796,            0.035538,             0.29642,             0.67987,             0.37648,             0.25733,            0.030451,            0.035773,            0.035207,            0.008515,            0.008515,            0.008515
                  32,            0.031961,             0.03295,            0.034707,             0.26291,             0.76808,             0.37679,             0.25733,            0.030171,            0.034573,            0.035124,           0.0084655,           0.0084655,           0.0084655
                  33,            0.033079,            0.032768,             0.03523,              0.2776,             0.69689,             0.39279,             0.22044,             0.03215,            0.033849,            0.035088,            0.008416,            0.008416,            0.008416
                  34,            0.033222,            0.031901,            0.034246,             0.28152,             0.70806,              0.4051,             0.21489,            0.030588,            0.033649,            0.035024,           0.0083665,           0.0083665,           0.0083665
                  35,            0.031903,            0.031529,             0.03469,             0.30934,             0.67038,             0.40263,             0.25785,            0.027459,            0.032429,            0.034836,            0.008317,            0.008317,            0.008317
                  36,            0.032714,             0.03226,            0.034772,             0.32616,             0.70711,             0.44128,             0.27006,            0.034342,            0.031533,            0.034836,           0.0082675,           0.0082675,           0.0082675
                  37,             0.03382,            0.030908,            0.034307,              0.3334,             0.67459,              0.4139,             0.28267,            0.030949,             0.03172,            0.034433,            0.008218,            0.008218,            0.008218
                  38,            0.033917,            0.032053,            0.034717,             0.33911,             0.77382,             0.47928,             0.33354,            0.033236,            0.029375,            0.034291,           0.0081685,           0.0081685,           0.0081685
                  39,            0.033296,            0.028147,             0.03436,             0.44483,             0.70878,             0.53489,             0.34988,            0.029638,            0.029444,            0.033971,            0.008119,            0.008119,            0.008119
                  40,            0.031906,            0.030146,            0.034209,             0.43541,               0.599,             0.50491,             0.35426,            0.028059,            0.027801,            0.033591,           0.0080695,           0.0080695,           0.0080695
                  41,            0.029864,            0.030169,            0.033796,             0.49368,             0.63519,             0.55297,             0.35389,            0.029603,            0.027361,            0.033156,             0.00802,             0.00802,             0.00802
                  42,            0.031431,            0.028645,            0.033407,              0.5534,             0.72607,             0.58716,             0.35496,            0.029476,            0.026951,            0.032838,           0.0079705,           0.0079705,           0.0079705
                  43,            0.034286,             0.02727,            0.032982,             0.55113,              0.7341,             0.61271,             0.31513,            0.037596,            0.027343,            0.032295,            0.007921,            0.007921,            0.007921
                  44,            0.032287,            0.027021,            0.032415,             0.49327,             0.78575,             0.61288,              0.4241,            0.029912,            0.025692,            0.031835,           0.0078715,           0.0078715,           0.0078715
                  45,            0.031006,            0.027057,             0.03252,             0.53129,              0.8446,             0.62645,             0.35562,            0.034497,            0.026509,            0.031151,            0.007822,            0.007822,            0.007822
                  46,            0.032281,            0.027795,             0.03109,             0.51961,             0.80268,             0.60048,             0.39459,            0.030797,            0.026036,            0.030482,           0.0077725,           0.0077725,           0.0077725
                  47,            0.031369,            0.025585,            0.031398,             0.56379,             0.83189,             0.63109,              0.4397,            0.026594,            0.025924,            0.029816,            0.007723,            0.007723,            0.007723
                  48,            0.028527,            0.028611,            0.031064,             0.44659,             0.90244,             0.59884,             0.42974,            0.029635,            0.024541,            0.029837,           0.0076735,           0.0076735,           0.0076735
                  49,             0.03058,            0.024856,            0.030932,              0.5516,             0.95499,             0.68441,             0.48412,            0.033959,            0.023866,              0.0291,            0.007624,            0.007624,            0.007624
                  50,             0.03386,            0.023703,            0.029558,              0.5792,             0.93854,             0.68373,             0.48396,             0.02746,            0.023693,            0.028223,           0.0075745,           0.0075745,           0.0075745
                  51,            0.031896,            0.023453,            0.029755,             0.53407,             0.95122,             0.67096,             0.47628,            0.031931,            0.025512,            0.028095,            0.007525,            0.007525,            0.007525
                  52,            0.030304,             0.02311,            0.029503,             0.55878,             0.95664,              0.6902,             0.48219,            0.026392,            0.023823,             0.02739,           0.0074755,           0.0074755,           0.0074755
                  53,            0.030962,            0.024671,            0.028923,              0.5373,             0.97071,             0.70955,             0.48366,            0.031301,            0.025058,             0.02677,            0.007426,            0.007426,            0.007426
                  54,            0.031118,            0.023439,            0.028648,             0.55789,             0.99069,             0.71116,             0.52197,            0.028466,              0.0233,             0.02623,           0.0073765,           0.0073765,           0.0073765
                  55,             0.03045,            0.023932,            0.026784,             0.55034,             0.99258,             0.70673,             0.52887,            0.030411,            0.023149,            0.025802,            0.007327,            0.007327,            0.007327
                  56,            0.028153,            0.023057,            0.026107,             0.56905,             0.99187,             0.72446,             0.49639,            0.027964,            0.023841,             0.02477,           0.0072775,           0.0072775,           0.0072775
                  57,            0.030284,            0.023409,            0.026376,             0.55237,             0.98185,             0.72698,             0.50127,            0.030459,            0.024434,             0.02422,            0.007228,            0.007228,            0.007228
                  58,            0.030591,            0.023217,            0.025234,             0.58641,             0.96748,              0.7479,             0.52251,            0.029709,            0.022798,            0.023186,           0.0071785,           0.0071785,           0.0071785
                  59,            0.030567,            0.022747,            0.024837,             0.59491,             0.97602,             0.73462,             0.52404,            0.027884,            0.022407,            0.022501,            0.007129,            0.007129,            0.007129
                  60,            0.029522,            0.023248,            0.023422,             0.60833,               0.997,             0.73852,             0.52423,            0.031919,            0.022736,            0.021867,           0.0070795,           0.0070795,           0.0070795
                  61,             0.02933,            0.023957,            0.023022,             0.59407,             0.96434,             0.75593,             0.52918,            0.030102,            0.022045,            0.021655,             0.00703,             0.00703,             0.00703
                  62,            0.029804,            0.021595,            0.023113,             0.61677,             0.97074,             0.78246,              0.5481,            0.029072,            0.022108,            0.020895,           0.0069805,           0.0069805,           0.0069805
                  63,            0.030573,            0.021887,            0.023007,             0.60315,             0.96285,             0.79068,             0.57634,            0.030056,            0.022208,            0.020469,            0.006931,            0.006931,            0.006931
                  64,            0.029296,            0.022531,            0.022371,             0.64878,             0.97711,             0.80444,             0.60076,            0.025394,             0.02054,            0.019954,           0.0068815,           0.0068815,           0.0068815
                  65,            0.028746,            0.023079,            0.021576,             0.59592,             0.95893,             0.80281,             0.56809,            0.028691,            0.021894,            0.019942,            0.006832,            0.006832,            0.006832
                  66,            0.028852,            0.020787,            0.022094,              0.6392,             0.98299,             0.80596,               0.599,            0.027058,            0.021567,            0.019901,           0.0067825,           0.0067825,           0.0067825
                  67,            0.028218,            0.022436,            0.021528,             0.63231,             0.95896,             0.80152,             0.60365,             0.02498,            0.020347,            0.019908,            0.006733,            0.006733,            0.006733
                  68,            0.028285,            0.021802,            0.021164,             0.61607,             0.94406,             0.82454,              0.6074,            0.027176,            0.020642,            0.019384,           0.0066835,           0.0066835,           0.0066835
                  69,             0.02868,            0.021009,            0.020771,             0.63243,             0.92683,             0.87012,             0.65957,            0.027806,            0.021297,             0.01894,            0.006634,            0.006634,            0.006634
                  70,            0.028622,            0.020603,            0.019999,              0.6867,             0.94309,             0.89633,             0.68025,            0.027773,            0.020031,            0.018608,           0.0065845,           0.0065845,           0.0065845
                  71,            0.028859,             0.01974,            0.019714,             0.71877,             0.94675,             0.90117,              0.6601,            0.028421,            0.019867,            0.018273,            0.006535,            0.006535,            0.006535
                  72,            0.028101,            0.019038,             0.01933,             0.73117,             0.93124,             0.91052,              0.6641,             0.03014,            0.020028,            0.017705,           0.0064855,           0.0064855,           0.0064855
                  73,            0.028528,            0.019521,            0.018608,              0.7229,              0.9025,             0.90411,             0.66919,            0.029726,            0.020836,            0.016794,            0.006436,            0.006436,            0.006436
                  74,            0.028411,             0.02124,            0.018763,             0.69736,             0.88576,             0.87417,             0.66003,            0.027516,            0.020574,            0.016913,           0.0063865,           0.0063865,           0.0063865
                  75,            0.027908,            0.020259,            0.018141,             0.76273,             0.83134,             0.91048,             0.66751,            0.024981,            0.020865,            0.016445,            0.006337,            0.006337,            0.006337
                  76,            0.026352,            0.020037,            0.017723,             0.73795,             0.86366,             0.90863,             0.66431,            0.028472,            0.022541,            0.016542,           0.0062875,           0.0062875,           0.0062875
                  77,            0.027616,            0.020382,             0.01747,             0.83868,             0.90554,             0.93752,             0.71096,            0.030635,            0.019978,            0.015617,            0.006238,            0.006238,            0.006238
                  78,            0.029202,            0.019796,            0.016591,             0.83143,             0.82396,             0.92387,             0.69928,            0.025599,             0.01974,            0.015104,           0.0061885,           0.0061885,           0.0061885
                  79,            0.026801,            0.021274,            0.015871,             0.87055,             0.82984,             0.93396,             0.68549,            0.030145,            0.020102,            0.014901,            0.006139,            0.006139,            0.006139
                  80,            0.026579,            0.018733,            0.016656,             0.81821,             0.85241,             0.90559,              0.6747,            0.026378,             0.02251,            0.014929,           0.0060895,           0.0060895,           0.0060895
                  81,            0.027515,            0.020263,            0.016076,             0.78098,             0.92645,             0.93767,             0.68834,            0.027328,            0.019647,             0.01447,             0.00604,             0.00604,             0.00604
                  82,            0.026789,            0.018339,            0.015674,             0.75775,             0.88652,             0.92002,             0.67838,            0.025777,            0.020513,            0.015789,           0.0059905,           0.0059905,           0.0059905
                  83,            0.026621,            0.019827,            0.015217,             0.85768,             0.91015,             0.93923,             0.70225,            0.027536,             0.01974,            0.013453,            0.005941,            0.005941,            0.005941
                  84,            0.025989,             0.01957,            0.014923,             0.87618,             0.88783,             0.94611,             0.73688,            0.026256,            0.018659,             0.01323,           0.0058915,           0.0058915,           0.0058915
                  85,            0.028588,             0.01915,            0.015203,             0.87745,             0.92774,             0.94887,             0.71884,            0.027498,            0.020205,            0.013287,            0.005842,            0.005842,            0.005842
                  86,            0.026963,             0.01939,            0.015905,             0.86209,             0.89348,             0.94099,             0.71701,            0.023777,            0.022165,            0.013799,           0.0057925,           0.0057925,           0.0057925
                  87,            0.025062,            0.020334,            0.014277,             0.83765,             0.89128,             0.93327,             0.70161,             0.02632,            0.021421,            0.014273,            0.005743,            0.005743,            0.005743
                  88,            0.026251,            0.019484,            0.013574,             0.89367,              0.8989,             0.95273,             0.71233,            0.025856,            0.020641,             0.01299,           0.0056935,           0.0056935,           0.0056935
                  89,            0.027818,            0.019517,            0.013017,             0.82087,             0.90713,             0.94639,             0.70215,            0.024751,            0.020547,            0.013207,            0.005644,            0.005644,            0.005644
                  90,            0.026187,            0.020034,            0.012168,             0.89058,             0.89931,             0.93147,             0.68319,            0.026997,            0.020329,            0.011393,           0.0055945,           0.0055945,           0.0055945
                  91,            0.026411,            0.019681,             0.01188,             0.85051,             0.89369,             0.93891,             0.68629,            0.026237,            0.018824,             0.01122,            0.005545,            0.005545,            0.005545
                  92,            0.027235,            0.018245,             0.01156,             0.83963,             0.92011,             0.94371,             0.71766,            0.028571,            0.018798,            0.011184,           0.0054955,           0.0054955,           0.0054955
                  93,            0.028281,            0.019208,            0.011535,             0.88695,             0.91756,             0.94521,             0.70793,            0.025523,            0.019402,           0.0099089,            0.005446,            0.005446,            0.005446
                  94,            0.026885,            0.019858,             0.01222,             0.92966,             0.90161,             0.95445,             0.71273,            0.026751,            0.019985,           0.0095781,           0.0053965,           0.0053965,           0.0053965
                  95,            0.026452,            0.018349,            0.010153,              0.9217,             0.86783,             0.95399,              0.7174,            0.025788,            0.021392,           0.0093596,            0.005347,            0.005347,            0.005347
                  96,            0.024986,             0.01846,           0.0088783,             0.88404,             0.89657,             0.96445,             0.73618,            0.022811,            0.020128,           0.0090014,           0.0052975,           0.0052975,           0.0052975
                  97,            0.026514,            0.019039,           0.0095639,             0.91669,             0.94077,             0.95767,             0.69785,            0.029628,            0.019999,           0.0078844,            0.005248,            0.005248,            0.005248
                  98,            0.028134,            0.018239,           0.0081045,             0.90177,             0.93627,             0.95568,             0.72509,            0.024803,            0.019962,           0.0077459,           0.0051985,           0.0051985,           0.0051985
                  99,            0.025558,            0.017606,           0.0075465,             0.88198,             0.92422,             0.96238,             0.72978,            0.024947,            0.019334,           0.0075159,            0.005149,            0.005149,            0.005149
                 100,            0.026951,            0.017705,           0.0078638,              0.8916,             0.93543,             0.96396,             0.74137,            0.025289,            0.018968,           0.0073651,           0.0050995,           0.0050995,           0.0050995
                 101,             0.02531,            0.019723,           0.0080308,              0.9207,             0.94739,             0.97027,             0.73143,            0.026021,            0.019035,           0.0069603,             0.00505,             0.00505,             0.00505
                 102,            0.025762,            0.018795,           0.0080242,             0.92156,             0.93454,             0.96939,               0.759,            0.023043,             0.01818,           0.0068862,           0.0050005,           0.0050005,           0.0050005
                 103,            0.024906,            0.018334,           0.0076584,             0.88871,             0.95964,             0.97209,             0.77133,            0.023226,            0.018594,           0.0068235,            0.004951,            0.004951,            0.004951
                 104,            0.024592,            0.019027,           0.0076997,             0.89849,              0.9508,             0.96827,             0.73979,             0.02414,            0.018972,           0.0065186,           0.0049015,           0.0049015,           0.0049015
                 105,            0.024729,            0.019048,           0.0077814,             0.91529,             0.92509,             0.96622,             0.73548,            0.024695,            0.019613,           0.0074475,            0.004852,            0.004852,            0.004852
                 106,            0.025764,            0.018058,           0.0074003,             0.93644,             0.96697,             0.97342,             0.75343,            0.023638,            0.019485,           0.0063343,           0.0048025,           0.0048025,           0.0048025
                 107,             0.02423,             0.01789,           0.0068831,              0.9129,             0.92128,             0.97359,             0.75721,            0.023202,             0.01971,            0.006453,            0.004753,            0.004753,            0.004753
                 108,            0.022354,            0.018783,           0.0063217,              0.9117,             0.93481,             0.97666,             0.76132,            0.025316,            0.019193,           0.0056305,           0.0047035,           0.0047035,           0.0047035
                 109,            0.024458,            0.018479,           0.0054921,              0.9376,             0.95079,               0.972,             0.75515,            0.024692,            0.019241,           0.0049908,            0.004654,            0.004654,            0.004654
                 110,            0.024559,            0.016901,           0.0060295,             0.94756,             0.94077,             0.97238,             0.74616,            0.025217,            0.019377,           0.0053667,           0.0046045,           0.0046045,           0.0046045
                 111,            0.024638,            0.017626,           0.0056128,             0.92865,             0.94392,             0.97435,             0.75383,            0.022637,            0.018473,           0.0055661,            0.004555,            0.004555,            0.004555
                 112,            0.024574,            0.017664,           0.0074941,             0.93251,             0.98595,             0.97769,             0.76714,            0.024324,            0.018112,           0.0051038,           0.0045055,           0.0045055,           0.0045055
                 113,            0.023592,            0.016773,           0.0060633,             0.94098,             0.96376,             0.97618,             0.76223,            0.025261,            0.018679,           0.0049373,            0.004456,            0.004456,            0.004456
                 114,            0.023981,            0.016422,           0.0055708,             0.93126,             0.95463,             0.97217,             0.76235,            0.024076,            0.019242,           0.0051996,           0.0044065,           0.0044065,           0.0044065
                 115,            0.022696,            0.018598,           0.0058599,             0.93528,             0.98727,             0.97813,              0.7719,            0.021552,            0.017789,           0.0044088,            0.004357,            0.004357,            0.004357
                 116,            0.023449,             0.01672,           0.0058106,             0.93607,             0.96491,             0.97704,             0.77109,            0.022975,            0.017457,           0.0044543,           0.0043075,           0.0043075,           0.0043075
                 117,            0.023601,            0.017739,           0.0050599,             0.95504,             0.96584,             0.97546,             0.74189,            0.025189,            0.019006,           0.0040292,            0.004258,            0.004258,            0.004258
                 118,            0.023509,            0.019051,           0.0051586,             0.95151,             0.96159,             0.97677,             0.77125,            0.022479,            0.017677,           0.0038508,           0.0042085,           0.0042085,           0.0042085
                 119,             0.02365,            0.017131,           0.0056675,             0.94736,             0.96853,             0.98201,             0.76609,            0.021089,            0.017712,           0.0036105,            0.004159,            0.004159,            0.004159
                 120,            0.021226,            0.017432,           0.0053437,             0.95305,              0.9642,             0.98311,             0.77146,            0.023351,            0.018106,           0.0035585,           0.0041095,           0.0041095,           0.0041095
                 121,             0.02256,            0.016563,           0.0042549,             0.95325,             0.98291,             0.98218,             0.77422,             0.02163,             0.01844,           0.0035789,             0.00406,             0.00406,             0.00406
                 122,            0.022051,            0.016861,           0.0045113,              0.9437,             0.97735,             0.98352,             0.76352,            0.022979,            0.018789,           0.0039042,           0.0040105,           0.0040105,           0.0040105
                 123,            0.023242,            0.016504,           0.0043153,             0.96892,             0.96665,             0.98516,              0.7822,            0.023731,            0.018171,           0.0039169,            0.003961,            0.003961,            0.003961
                 124,             0.02287,              0.0172,           0.0044362,             0.97517,             0.96729,             0.98677,             0.78635,            0.021741,            0.017878,           0.0038262,           0.0039115,           0.0039115,           0.0039115
                 125,            0.022752,            0.017876,           0.0044954,             0.95567,             0.98596,             0.98408,             0.77555,            0.022205,            0.018673,           0.0035615,            0.003862,            0.003862,            0.003862
                 126,            0.023075,            0.018161,           0.0045673,             0.95515,             0.98291,             0.98114,             0.76241,            0.022228,            0.018181,           0.0035339,           0.0038125,           0.0038125,           0.0038125
                 127,            0.022069,            0.016843,           0.0046893,             0.94785,             0.98383,             0.97681,              0.7621,            0.022987,            0.018714,           0.0036663,            0.003763,            0.003763,            0.003763
                 128,            0.020668,            0.016818,           0.0045223,             0.94662,             0.99012,             0.97196,              0.7578,            0.020827,            0.017843,            0.003551,           0.0037135,           0.0037135,           0.0037135
                 129,            0.021148,            0.016715,           0.0045609,             0.91911,             0.91956,             0.96142,             0.73896,            0.024231,            0.020651,           0.0049398,            0.003664,            0.003664,            0.003664
                 130,            0.021624,            0.016494,           0.0049369,             0.92396,             0.92456,             0.97313,             0.75255,            0.023397,            0.018703,            0.004954,           0.0036145,           0.0036145,           0.0036145
                 131,            0.021874,            0.016864,           0.0044778,             0.93222,             0.94678,             0.97505,             0.77089,            0.020804,            0.018296,           0.0045427,            0.003565,            0.003565,            0.003565
                 132,            0.020112,            0.016919,           0.0041371,             0.95089,             0.94827,             0.97614,               0.773,             0.02083,            0.017561,           0.0038404,           0.0035155,           0.0035155,           0.0035155
                 133,            0.021293,            0.016217,           0.0041221,             0.93206,             0.96665,             0.97823,             0.76784,            0.023234,            0.018373,           0.0039971,            0.003466,            0.003466,            0.003466
                 134,            0.021144,            0.015874,           0.0037591,             0.94662,             0.98291,             0.97896,             0.76708,            0.020688,             0.01874,           0.0033514,           0.0034165,           0.0034165,           0.0034165
                 135,            0.021129,            0.016102,           0.0038009,             0.92811,             0.96359,             0.97213,             0.75624,            0.021568,            0.018998,           0.0041632,            0.003367,            0.003367,            0.003367
                 136,            0.021045,            0.016446,           0.0035668,             0.93555,             0.95052,             0.97176,             0.77452,             0.02072,            0.018441,           0.0042299,           0.0033175,           0.0033175,           0.0033175
                 137,            0.021186,            0.016228,           0.0035924,             0.95289,             0.98291,             0.97427,             0.76986,            0.022068,             0.01876,           0.0032042,            0.003268,            0.003268,            0.003268
                 138,            0.019856,            0.016958,           0.0038245,             0.94703,              0.9912,             0.97537,                0.77,            0.021532,            0.018058,           0.0034105,           0.0032185,           0.0032185,           0.0032185
                 139,            0.020298,            0.016786,           0.0036024,             0.95712,             0.98013,             0.97744,             0.77924,            0.019903,            0.017599,           0.0033082,            0.003169,            0.003169,            0.003169
                 140,            0.020082,             0.01632,           0.0044845,             0.95484,             0.97927,             0.97899,             0.78474,            0.019723,            0.016997,           0.0029034,           0.0031195,           0.0031195,           0.0031195
                 141,            0.020851,            0.016913,           0.0037479,             0.94431,             0.98861,             0.98123,              0.7717,            0.023485,            0.017602,           0.0027397,             0.00307,             0.00307,             0.00307
                 142,            0.020708,            0.016161,           0.0038107,             0.95776,             0.97684,             0.97826,             0.77324,            0.021748,            0.018064,           0.0026104,           0.0030205,           0.0030205,           0.0030205
                 143,            0.020165,            0.016528,           0.0031988,             0.95499,             0.98291,             0.97882,             0.77175,            0.023568,            0.018409,           0.0026477,            0.002971,            0.002971,            0.002971
                 144,            0.020507,            0.016534,            0.003393,             0.95754,             0.98696,             0.98022,             0.78658,            0.021032,             0.01774,           0.0026771,           0.0029215,           0.0029215,           0.0029215
                 145,            0.020541,            0.017382,           0.0035001,             0.95802,             0.98291,             0.98193,             0.76966,            0.022976,            0.018339,           0.0024811,            0.002872,            0.002872,            0.002872
                 146,            0.020956,            0.015486,            0.003098,             0.95788,             0.98291,             0.97889,              0.7711,            0.021442,            0.018374,           0.0025133,           0.0028225,           0.0028225,           0.0028225
                 147,            0.020544,            0.016412,           0.0035265,             0.96516,              0.9783,             0.97841,             0.77467,            0.022339,            0.018399,           0.0026915,            0.002773,            0.002773,            0.002773
                 148,            0.019359,            0.015816,           0.0033438,             0.95966,             0.98291,             0.97973,              0.7863,            0.020445,            0.017747,           0.0027035,           0.0027235,           0.0027235,           0.0027235
                 149,            0.019497,            0.016761,           0.0035968,              0.9546,             0.97664,             0.97992,             0.77518,            0.022156,            0.017992,           0.0027361,            0.002674,            0.002674,            0.002674
                 150,            0.019749,            0.016649,           0.0035608,             0.96322,             0.97526,              0.9784,             0.77683,            0.020346,            0.017611,           0.0026901,           0.0026245,           0.0026245,           0.0026245
                 151,            0.019575,            0.016739,           0.0034978,             0.95937,              0.9805,             0.97841,             0.78276,            0.020397,            0.017648,           0.0026501,            0.002575,            0.002575,            0.002575
                 152,            0.018787,            0.015573,           0.0030267,              0.9627,             0.98114,             0.97945,             0.79021,            0.020736,            0.017754,           0.0025392,           0.0025255,           0.0025255,           0.0025255
                 153,            0.020367,            0.015972,           0.0033992,             0.96328,             0.98101,             0.98161,             0.78667,            0.022436,            0.017506,           0.0027248,            0.002476,            0.002476,            0.002476
                 154,            0.020257,            0.015391,           0.0032199,             0.96231,             0.98101,             0.98226,             0.79203,            0.020397,            0.017185,           0.0027899,           0.0024265,           0.0024265,           0.0024265
                 155,            0.019049,            0.016206,           0.0028687,             0.96206,             0.98074,              0.9816,             0.79562,            0.019745,            0.017335,           0.0027847,            0.002377,            0.002377,            0.002377
                 156,            0.018618,            0.015658,           0.0023778,             0.96277,             0.98058,             0.98054,             0.79075,            0.020123,            0.017727,           0.0026907,           0.0023275,           0.0023275,           0.0023275
                 157,            0.018936,            0.016015,            0.003784,             0.96207,             0.98023,             0.97876,             0.78759,            0.020947,            0.017642,            0.002548,            0.002278,            0.002278,            0.002278
                 158,            0.018541,            0.015532,            0.002844,             0.96424,             0.97995,             0.97958,             0.77814,            0.020532,             0.01786,           0.0024827,           0.0022285,           0.0022285,           0.0022285
                 159,            0.018515,            0.016187,           0.0030477,             0.95454,             0.97478,             0.98054,             0.77618,            0.020594,            0.017812,           0.0024851,            0.002179,            0.002179,            0.002179
                 160,            0.019133,            0.014513,           0.0028644,              0.9517,             0.97791,             0.97896,             0.78731,            0.019408,            0.017604,           0.0025535,           0.0021295,           0.0021295,           0.0021295
                 161,            0.018699,            0.016119,            0.002831,             0.95361,             0.98131,             0.97674,             0.78238,            0.020347,            0.017966,           0.0026371,             0.00208,             0.00208,             0.00208
                 162,             0.01832,            0.015458,           0.0031655,             0.95106,             0.98203,             0.97717,             0.78969,            0.020347,            0.017745,           0.0026442,           0.0020305,           0.0020305,           0.0020305
                 163,            0.017676,            0.015085,           0.0024336,             0.94439,             0.97734,             0.97696,             0.77721,            0.020997,            0.017899,           0.0026863,            0.001981,            0.001981,            0.001981
                 164,            0.018014,            0.016075,           0.0021243,             0.93943,             0.99145,             0.97705,             0.78094,             0.02101,            0.017445,           0.0025127,           0.0019315,           0.0019315,           0.0019315
                 165,            0.019073,            0.015922,           0.0027305,             0.96276,             0.98043,             0.97751,             0.78764,            0.019926,             0.01743,           0.0024467,            0.001882,            0.001882,            0.001882
                 166,            0.017791,            0.014905,           0.0023213,             0.96379,             0.98279,              0.9783,             0.78653,            0.020205,            0.017447,           0.0025402,           0.0018325,           0.0018325,           0.0018325
                 167,            0.017788,            0.015374,           0.0021596,              0.9644,             0.97957,             0.97895,             0.78889,            0.020473,            0.017164,           0.0025268,            0.001783,            0.001783,            0.001783
                 168,            0.018748,            0.015709,           0.0025455,             0.95811,             0.98831,             0.97916,             0.79498,            0.020435,            0.017053,           0.0024252,           0.0017335,           0.0017335,           0.0017335
                 169,            0.017351,            0.015667,           0.0024315,             0.96457,             0.97478,             0.97913,             0.78961,            0.020328,            0.017179,           0.0022578,            0.001684,            0.001684,            0.001684
                 170,            0.018155,            0.015453,            0.002474,             0.96424,             0.97478,             0.97967,             0.78941,            0.019836,             0.01697,           0.0021704,           0.0016345,           0.0016345,           0.0016345
                 171,            0.017088,            0.014852,           0.0021523,             0.96199,             0.97831,             0.97921,             0.79206,            0.019922,            0.017156,           0.0021059,            0.001585,            0.001585,            0.001585
                 172,            0.017478,            0.015925,            0.002342,             0.96395,             0.97724,             0.97913,             0.79089,            0.020242,            0.017305,           0.0020822,           0.0015355,           0.0015355,           0.0015355
                 173,            0.017967,            0.014904,           0.0019334,             0.96454,             0.97617,             0.97811,             0.79675,            0.019944,            0.017247,            0.002025,            0.001486,            0.001486,            0.001486
                 174,             0.01688,            0.015174,            0.002626,             0.96514,             0.97659,             0.97765,             0.79161,            0.020832,            0.017488,           0.0020519,           0.0014365,           0.0014365,           0.0014365
                 175,            0.017451,            0.015295,            0.002781,             0.96342,             0.98059,             0.97631,              0.7917,            0.020034,            0.017278,           0.0020773,            0.001387,            0.001387,            0.001387
                 176,            0.017314,            0.015968,           0.0023554,             0.96331,                0.98,             0.97721,             0.78309,            0.021158,            0.017408,           0.0020182,           0.0013375,           0.0013375,           0.0013375
                 177,            0.017468,            0.014895,           0.0021435,             0.96594,             0.98979,             0.97536,             0.78107,            0.020264,            0.017051,           0.0019593,            0.001288,            0.001288,            0.001288
                 178,            0.017109,            0.015095,           0.0023307,             0.96519,             0.98829,             0.97536,             0.78194,            0.019466,            0.017055,           0.0019575,           0.0012385,           0.0012385,           0.0012385
                 179,            0.016746,            0.015064,           0.0022614,             0.96528,              0.9819,             0.97486,             0.78397,            0.019866,            0.016958,           0.0019909,            0.001189,            0.001189,            0.001189
                 180,            0.016975,            0.014815,           0.0020863,             0.96534,             0.98131,             0.97499,             0.77746,            0.020007,            0.016926,           0.0020541,           0.0011395,           0.0011395,           0.0011395
                 181,            0.016947,            0.015365,           0.0020723,             0.96324,             0.97478,             0.97455,             0.78356,            0.019833,            0.017096,           0.0020971,             0.00109,             0.00109,             0.00109
                 182,            0.016871,            0.014879,           0.0021903,             0.95951,             0.97478,             0.97347,             0.78411,            0.019308,             0.01708,           0.0021524,           0.0010405,           0.0010405,           0.0010405
                 183,            0.017012,            0.015994,           0.0020498,             0.95632,             0.98944,             0.97342,             0.79066,            0.019394,             0.01701,           0.0022105,            0.000991,            0.000991,            0.000991
                 184,             0.01549,            0.015557,            0.002065,             0.95726,             0.99046,             0.97362,             0.79107,             0.01993,            0.017116,           0.0022382,           0.0009415,           0.0009415,           0.0009415
                 185,            0.016718,            0.015378,           0.0021245,             0.95781,             0.98118,             0.97458,             0.78943,            0.019272,             0.01703,           0.0022493,            0.000892,            0.000892,            0.000892
                 186,            0.016859,             0.01482,           0.0022918,             0.95769,             0.98955,             0.97493,             0.78876,            0.019368,            0.016945,           0.0022452,           0.0008425,           0.0008425,           0.0008425
                 187,            0.015704,            0.014916,           0.0020304,              0.9558,             0.98887,             0.97553,              0.7901,            0.019164,            0.016917,           0.0022519,            0.000793,            0.000793,            0.000793
                 188,            0.017453,            0.014614,           0.0023643,             0.95558,             0.98807,             0.97661,              0.7887,            0.018809,            0.016873,           0.0022001,           0.0007435,           0.0007435,           0.0007435
                 189,            0.016808,            0.015521,           0.0020392,              0.9564,             0.98561,             0.97726,             0.79517,            0.018701,             0.01693,           0.0020981,            0.000694,            0.000694,            0.000694
                 190,            0.015898,            0.014178,           0.0020149,             0.96317,             0.97761,             0.97726,             0.78841,            0.019048,            0.017001,           0.0020872,           0.0006445,           0.0006445,           0.0006445
                 191,            0.016261,            0.014571,           0.0019012,             0.96316,             0.97848,             0.97682,             0.79192,            0.018657,            0.017071,           0.0020567,            0.000595,            0.000595,            0.000595
                 192,            0.015958,            0.015135,           0.0021413,             0.96352,             0.97801,             0.97681,             0.79544,            0.018859,            0.017167,           0.0020284,           0.0005455,           0.0005455,           0.0005455
                 193,            0.016369,            0.014414,           0.0019173,             0.96276,             0.97764,             0.97658,             0.79207,             0.01885,            0.017116,            0.002005,            0.000496,            0.000496,            0.000496
                 194,            0.015852,            0.014882,           0.0018249,             0.96162,             0.98004,             0.97633,             0.79504,             0.01873,            0.017108,           0.0020041,           0.0004465,           0.0004465,           0.0004465
                 195,            0.016697,            0.013957,           0.0021947,             0.96351,             0.97749,             0.97558,             0.79252,            0.018856,            0.017072,           0.0019557,            0.000397,            0.000397,            0.000397
                 196,            0.016843,            0.014795,           0.0019742,             0.95445,             0.98702,             0.97575,              0.7947,            0.018641,            0.016988,           0.0019216,           0.0003475,           0.0003475,           0.0003475
                 197,            0.015903,             0.01502,           0.0018566,             0.95451,             0.98774,             0.97598,             0.79456,            0.018758,            0.016955,           0.0018956,            0.000298,            0.000298,            0.000298
                 198,            0.015972,            0.015045,           0.0020262,             0.95598,             0.98706,             0.97603,             0.79936,            0.018703,               0.017,           0.0018902,           0.0002485,           0.0002485,           0.0002485
                 199,            0.015768,            0.014822,           0.0016229,               0.956,             0.98663,             0.97618,             0.80359,            0.018827,            0.016975,           0.0018642,            0.000199,            0.000199,            0.000199
